<eml:eml xmlns:eml="eml://ecoinformatics.org/eml-2.1.1"
         xmlns:xsi="http://www.w3.org/2001/XMLSchema-instance"
         xsi:schemaLocation="eml://ecoinformatics.org/eml-2.1.1 http://rs.gbif.org/schema/eml-gbif-profile/1.0.2/eml.xsd"
         packageId="5ad27939-0183-48fc-8764-be4807330b1a" system="http://gbif.org" scope="system"
         xml:lang="en">

<dataset>
  <title>GBIF Occurrence Download 0008542-140429114108248</title>
<creator>
    <individualName>
      <surName>GBIF Download Service</surName>
    </individualName>
</creator>
<metadataProvider>
    <individualName>
      <surName>GBIF Download Service</surName>
    </individualName>
</metadataProvider>
<associatedParty>
    <individualName>
        <givenName>Christoffer</givenName>
      <surName>Fägerström</surName>
    </individualName>
    <organizationName>Lund Museum of Zoology</organizationName>
    <address>
        <city>Lund</city>
        <administrativeArea>Skåne län</administrativeArea>
        <country>SWEDEN</country>
    </address>
    <electronicMailAddress>Christoffer.Fagerstrom@biol.lu.se</electronicMailAddress>
    <role>CONTENT_PROVIDER</role>
</associatedParty>
<associatedParty>
    <individualName>
      <surName>bko</surName>
    </individualName>
    <role>AUTHOR</role>
</associatedParty>
<associatedParty>
    <individualName>
      <surName>GBIF Download Service</surName>
    </individualName>
    <role>ORIGINATOR</role>
</associatedParty>
<associatedParty>
    <individualName>
      <surName>GBIF Download Service</surName>
    </individualName>
    <role>METADATA_AUTHOR</role>
</associatedParty>
<pubDate>
        2014-06-06
</pubDate>
<language>ENGLISH</language>
<abstract>
  <para>A dataset containing all occurrences available in GBIF matching the query: {&quot;type&quot;:&quot;and&quot;,&quot;predicates&quot;:[{&quot;type&quot;:&quot;equals&quot;,&quot;key&quot;:&quot;HAS_COORDINATE&quot;,&quot;value&quot;:&quot;true&quot;},{&quot;type&quot;:&quot;equals&quot;,&quot;key&quot;:&quot;SPATIAL_ISSUES&quot;,&quot;value&quot;:&quot;false&quot;},{&quot;type&quot;:&quot;equals&quot;,&quot;key&quot;:&quot;COUNTRY&quot;,&quot;value&quot;:&quot;DK&quot;},{&quot;type&quot;:&quot;equals&quot;,&quot;key&quot;:&quot;TYPE_STATUS&quot;,&quot;value&quot;:&quot;LECTOTYPE&quot;}]}&lt;br/&gt;The dataset includes records from the following constituent datasets. The full metadata for each constituent is also included in this archive:&lt;br/&gt;7 records from Lund Botanical Museum (LD)&lt;br/&gt;</para>
</abstract>

</dataset>

<additionalMetadata>
  <metadata>
    <gbif>
        <citation identifier="0008542-140429114108248">GBIF Occurrence Download 0008542-140429114108248</citation>
          <physical>
            <objectName></objectName>
            <characterEncoding>UTF-8</characterEncoding>
            <dataFormat>
              <externallyDefinedFormat>
                <formatName>Darwin Core Archive</formatName>
              </externallyDefinedFormat>
            </dataFormat>
            <distribution>
              <online>
                <url function="download">http://api.gbif.org/v0.9/occurrence/download/request/0008542-140429114108248.zip</url>
              </online>
            </distribution>
          </physical>
    </gbif>
  </metadata>
</additionalMetadata>

</eml:eml>
